{
    "loss": 0.02985510043799877,
    "accuracy": 0.9928057789802551
}